register,address,chip,chipset_variant,chipset_revisions,width_bits,access,io,interrupt,relationship_to_other_chips,notes,manual_nodes
CIABPRA,0xBFD000,cia,8520 CIA-A/B (OCS/ECS/AGA),8520 CIA-A/B (OCS/ECS/AGA) (common),16,rw,chip-register,,CIA-A/B (8520); interrupts into Paula,"CIAB 8520 (even addresses, high byte lane); 8-bit registers; avoid 16-bit writes.",node00D3
CIABPRB,0xBFD100,cia,8520 CIA-A/B (OCS/ECS/AGA),8520 CIA-A/B (OCS/ECS/AGA) (common),16,rw,chip-register,,CIA-A/B (8520); interrupts into Paula,"CIAB 8520 (even addresses, high byte lane); 8-bit registers; avoid 16-bit writes.",node00D3
CIABDDRA,0xBFD200,cia,8520 CIA-A/B (OCS/ECS/AGA),8520 CIA-A/B (OCS/ECS/AGA) (common),16,rw,chip-register,,CIA-A/B (8520); interrupts into Paula,"CIAB 8520 (even addresses, high byte lane); 8-bit registers; avoid 16-bit writes.",node00D3
CIABDDRB,0xBFD300,cia,8520 CIA-A/B (OCS/ECS/AGA),8520 CIA-A/B (OCS/ECS/AGA) (common),16,rw,chip-register,,CIA-A/B (8520); interrupts into Paula,"CIAB 8520 (even addresses, high byte lane); 8-bit registers; avoid 16-bit writes.",node00D3
CIABTALO,0xBFD400,cia,8520 CIA-A/B (OCS/ECS/AGA),8520 CIA-A/B (OCS/ECS/AGA) (common),16,rw,chip-register,,CIA-A/B (8520); interrupts into Paula,"CIAB 8520 (even addresses, high byte lane); 8-bit registers; avoid 16-bit writes.",node00D3
CIABTAHI,0xBFD500,cia,8520 CIA-A/B (OCS/ECS/AGA),8520 CIA-A/B (OCS/ECS/AGA) (common),16,rw,chip-register,,CIA-A/B (8520); interrupts into Paula,"CIAB 8520 (even addresses, high byte lane); 8-bit registers; avoid 16-bit writes.",node00D3
CIABTBLO,0xBFD600,cia,8520 CIA-A/B (OCS/ECS/AGA),8520 CIA-A/B (OCS/ECS/AGA) (common),16,rw,chip-register,,CIA-A/B (8520); interrupts into Paula,"CIAB 8520 (even addresses, high byte lane); 8-bit registers; avoid 16-bit writes.",node00D3
CIABTBHI,0xBFD700,cia,8520 CIA-A/B (OCS/ECS/AGA),8520 CIA-A/B (OCS/ECS/AGA) (common),16,rw,chip-register,,CIA-A/B (8520); interrupts into Paula,"CIAB 8520 (even addresses, high byte lane); 8-bit registers; avoid 16-bit writes.",node00D3
CIABTODLOW,0xBFD800,cia,8520 CIA-A/B (OCS/ECS/AGA),8520 CIA-A/B (OCS/ECS/AGA) (common),16,rw,chip-register,,CIA-A/B (8520); interrupts into Paula,"CIAB 8520 (even addresses, high byte lane); 8-bit registers; avoid 16-bit writes.",node00D3
CIABTODMID,0xBFD900,cia,8520 CIA-A/B (OCS/ECS/AGA),8520 CIA-A/B (OCS/ECS/AGA) (common),16,rw,chip-register,,CIA-A/B (8520); interrupts into Paula,"CIAB 8520 (even addresses, high byte lane); 8-bit registers; avoid 16-bit writes.",node00D3
CIABTODHI,0xBFDA00,cia,8520 CIA-A/B (OCS/ECS/AGA),8520 CIA-A/B (OCS/ECS/AGA) (common),16,rw,chip-register,,CIA-A/B (8520); interrupts into Paula,"CIAB 8520 (even addresses, high byte lane); 8-bit registers; avoid 16-bit writes.",node00D3
CIABSDR,0xBFDC00,cia,8520 CIA-A/B (OCS/ECS/AGA),8520 CIA-A/B (OCS/ECS/AGA) (common),16,rw,chip-register,,CIA-A/B (8520); interrupts into Paula,"CIAB 8520 (even addresses, high byte lane); 8-bit registers; avoid 16-bit writes.",node00D3
CIABICR,0xBFDD00,cia,8520 CIA-A/B (OCS/ECS/AGA),8520 CIA-A/B (OCS/ECS/AGA) (common),16,rw,chip-register,,CIA-A/B (8520); interrupts into Paula,"CIAB 8520 (even addresses, high byte lane); 8-bit registers; avoid 16-bit writes.",node00D3
CIABCRA,0xBFDE00,cia,8520 CIA-A/B (OCS/ECS/AGA),8520 CIA-A/B (OCS/ECS/AGA) (common),16,rw,chip-register,,CIA-A/B (8520); interrupts into Paula,"CIAB 8520 (even addresses, high byte lane); 8-bit registers; avoid 16-bit writes.",node00D3
CIABCRB,0xBFDF00,cia,8520 CIA-A/B (OCS/ECS/AGA),8520 CIA-A/B (OCS/ECS/AGA) (common),16,rw,chip-register,,CIA-A/B (8520); interrupts into Paula,"CIAB 8520 (even addresses, high byte lane); 8-bit registers; avoid 16-bit writes.",node00D3
CIAAPRA,0xBFE001,cia,8520 CIA-A/B (OCS/ECS/AGA),8520 CIA-A/B (OCS/ECS/AGA) (common),16,rw,chip-register,,CIA-A/B (8520); interrupts into Paula,"CIAA 8520 (odd addresses, low byte lane); 8-bit registers; avoid 16-bit writes.",node00D3
CIAAPRB,0xBFE101,cia,8520 CIA-A/B (OCS/ECS/AGA),8520 CIA-A/B (OCS/ECS/AGA) (common),16,rw,chip-register,,CIA-A/B (8520); interrupts into Paula,"CIAA 8520 (odd addresses, low byte lane); 8-bit registers; avoid 16-bit writes.",node00D3
CIAADDR_A,0xBFE201,cia,8520 CIA-A/B (OCS/ECS/AGA),8520 CIA-A/B (OCS/ECS/AGA) (common),16,rw,chip-register,,CIA-A/B (8520); interrupts into Paula,"CIAA 8520 (odd addresses, low byte lane); 8-bit registers; avoid 16-bit writes.",node00D3
CIAADDR_B,0xBFE301,cia,8520 CIA-A/B (OCS/ECS/AGA),8520 CIA-A/B (OCS/ECS/AGA) (common),16,rw,chip-register,,CIA-A/B (8520); interrupts into Paula,"CIAA 8520 (odd addresses, low byte lane); 8-bit registers; avoid 16-bit writes.",node00D3
CIAATALO,0xBFE401,cia,8520 CIA-A/B (OCS/ECS/AGA),8520 CIA-A/B (OCS/ECS/AGA) (common),16,rw,chip-register,,CIA-A/B (8520); interrupts into Paula,"CIAA 8520 (odd addresses, low byte lane); 8-bit registers; avoid 16-bit writes.",node00D3
CIAATAHI,0xBFE501,cia,8520 CIA-A/B (OCS/ECS/AGA),8520 CIA-A/B (OCS/ECS/AGA) (common),16,rw,chip-register,,CIA-A/B (8520); interrupts into Paula,"CIAA 8520 (odd addresses, low byte lane); 8-bit registers; avoid 16-bit writes.",node00D3
CIAATBLO,0xBFE601,cia,8520 CIA-A/B (OCS/ECS/AGA),8520 CIA-A/B (OCS/ECS/AGA) (common),16,rw,chip-register,,CIA-A/B (8520); interrupts into Paula,"CIAA 8520 (odd addresses, low byte lane); 8-bit registers; avoid 16-bit writes.",node00D3
CIAATBHI,0xBFE701,cia,8520 CIA-A/B (OCS/ECS/AGA),8520 CIA-A/B (OCS/ECS/AGA) (common),16,rw,chip-register,,CIA-A/B (8520); interrupts into Paula,"CIAA 8520 (odd addresses, low byte lane); 8-bit registers; avoid 16-bit writes.",node00D3
CIAATODLOW,0xBFE801,cia,8520 CIA-A/B (OCS/ECS/AGA),8520 CIA-A/B (OCS/ECS/AGA) (common),16,rw,chip-register,,CIA-A/B (8520); interrupts into Paula,"CIAA 8520 (odd addresses, low byte lane); 8-bit registers; avoid 16-bit writes.",node00D3
CIAATODMID,0xBFE901,cia,8520 CIA-A/B (OCS/ECS/AGA),8520 CIA-A/B (OCS/ECS/AGA) (common),16,rw,chip-register,,CIA-A/B (8520); interrupts into Paula,"CIAA 8520 (odd addresses, low byte lane); 8-bit registers; avoid 16-bit writes.",node00D3
CIAATODHI,0xBFEA01,cia,8520 CIA-A/B (OCS/ECS/AGA),8520 CIA-A/B (OCS/ECS/AGA) (common),16,rw,chip-register,,CIA-A/B (8520); interrupts into Paula,"CIAA 8520 (odd addresses, low byte lane); 8-bit registers; avoid 16-bit writes.",node00D3
CIAASDR,0xBFEC01,cia,8520 CIA-A/B (OCS/ECS/AGA),8520 CIA-A/B (OCS/ECS/AGA) (common),16,rw,chip-register,,CIA-A/B (8520); interrupts into Paula,"CIAA 8520 (odd addresses, low byte lane); 8-bit registers; avoid 16-bit writes.",node00D3
CIAAICR,0xBFED01,cia,8520 CIA-A/B (OCS/ECS/AGA),8520 CIA-A/B (OCS/ECS/AGA) (common),16,rw,chip-register,,CIA-A/B (8520); interrupts into Paula,"CIAA 8520 (odd addresses, low byte lane); 8-bit registers; avoid 16-bit writes.",node00D3
CIAACRA,0xBFEE01,cia,8520 CIA-A/B (OCS/ECS/AGA),8520 CIA-A/B (OCS/ECS/AGA) (common),16,rw,chip-register,,CIA-A/B (8520); interrupts into Paula,"CIAA 8520 (odd addresses, low byte lane); 8-bit registers; avoid 16-bit writes.",node00D3
CIAACRB,0xBFEF01,cia,8520 CIA-A/B (OCS/ECS/AGA),8520 CIA-A/B (OCS/ECS/AGA) (common),16,rw,chip-register,,CIA-A/B (8520); interrupts into Paula,"CIAA 8520 (odd addresses, low byte lane); 8-bit registers; avoid 16-bit writes.",node00D3
BLTDDAT,0xDFF000,blitter,OCS/ECS blitter (AGA: Alice-integrated blitter),OCS/ECS blitter (AGA: Alice-integrated blitter) (common),16,rw,chip-register,INTF_BLIT,Agnus DMA,Blitter control/pointers; use minterms and modulos carefully.,node001B;node001F
DMACONR,0xDFF002,agnus,"OCS/ECS (8371/8372A), Fatter Agnus 8375 (2MB); AGA Alice (2MB, 8 bitplanes)","OCS/ECS (8371/8372A), Fatter Agnus 8375 (2MB); AGA Alice (2MB, 8 bitplanes) (common)",16,rw,chip-register,,,Set/clear style; master DMA + per-channel bits.,node002F
VPOSR,0xDFF004,agnus,"OCS/ECS (8371/8372A), Fatter Agnus 8375 (2MB); AGA Alice (2MB, 8 bitplanes)","OCS/ECS (8371/8372A), Fatter Agnus 8375 (2MB); AGA Alice (2MB, 8 bitplanes) (common)",16,rw,chip-register,,,Beam position counter high bits; LOF interlace flag; used by Copper waits/skips and light pen.,node015F;node004B;node004C;node004D
VHPOSR,0xDFF006,agnus,"OCS/ECS (8371/8372A), Fatter Agnus 8375 (2MB); AGA Alice (2MB, 8 bitplanes)","OCS/ECS (8371/8372A), Fatter Agnus 8375 (2MB); AGA Alice (2MB, 8 bitplanes) (common)",16,rw,chip-register,,,Beam position counter low bits; used by Copper waits/skips and light pen; horizontal resolution 1/160 screen.,node015F;node004B;node004C;node004D
DSKDATR,0xDFF008,paula,OCS/ECS Paula; AA/AGA Paula (same register set),OCS/ECS Paula; AA/AGA Paula (same register set) (common),16,rw,chip-register,INTF_DSKBLK,Paula disk DMA via Agnus,Disk DMA; length in words; write bit sets direction.,node0030;node0031;node0032
JOY0DAT,0xDFF00A,denise,OCS Denise / Super Denise; AGA Lisa (extended palette/bitplanes),OCS Denise / Super Denise; AGA Lisa (extended palette/bitplanes) (common),16,rw,chip-register,,,Joystick/mouse quadrature counters; XOR low bits for fwd/back; also used for light pen position latch.,node0038;node017E;node0180;node0183
JOY1DAT,0xDFF00C,denise,OCS Denise / Super Denise; AGA Lisa (extended palette/bitplanes),OCS Denise / Super Denise; AGA Lisa (extended palette/bitplanes) (common),16,rw,chip-register,,,Joystick/mouse quadrature counters; XOR low bits for fwd/back; also used for light pen position latch.,node0038;node017E;node0180;node0183
CLXDAT,0xDFF00E,denise,OCS Denise / Super Denise; AGA Lisa (extended palette/bitplanes),OCS Denise / Super Denise; AGA Lisa (extended palette/bitplanes) (common),16,rw,chip-register,,,Collision registers; Denise/Paula shared space; read clears.,node0025;node015D
ADKCONR,0xDFF010,paula,OCS/ECS Paula; AA/AGA Paula (same register set),OCS/ECS Paula; AA/AGA Paula (same register set) (common),16,rw,chip-register,,,Audio/disk control; set/clear style.,node0036
POT0DAT,0xDFF012,paula,OCS/ECS Paula; AA/AGA Paula (same register set),OCS/ECS Paula; AA/AGA Paula (same register set) (common),16,rw,chip-register,,,Proportional controllers; write POTGO to start counters; read during vblank; shared with mouse buttons/light pen.,node003B;node0186;node0187;node018B
POT1DAT,0xDFF014,paula,OCS/ECS Paula; AA/AGA Paula (same register set),OCS/ECS Paula; AA/AGA Paula (same register set) (common),16,rw,chip-register,,,Proportional controllers; write POTGO to start counters; read during vblank; shared with mouse buttons/light pen.,node003B;node0186;node0187;node018B
POTGOR,0xDFF016,paula,OCS/ECS Paula; AA/AGA Paula (same register set),OCS/ECS Paula; AA/AGA Paula (same register set) (common),16,rw,chip-register,,,Proportional controllers; write POTGO to start counters; read during vblank; shared with mouse buttons/light pen.,node003B;node0186;node0187;node018B
SERDATR,0xDFF018,paula,OCS/ECS Paula; AA/AGA Paula (same register set),OCS/ECS Paula; AA/AGA Paula (same register set) (common),16,rw,chip-register,,,Serial port; period/control or data register.,node003D;node01A3
DSKBYTR,0xDFF01A,paula,OCS/ECS Paula; AA/AGA Paula (same register set),OCS/ECS Paula; AA/AGA Paula (same register set) (common),16,rw,chip-register,INTF_DSKBLK,Paula disk DMA via Agnus,Disk DMA; length in words; write bit sets direction.,node0030;node0031;node0032
INTENAR,0xDFF01C,paula,OCS/ECS Paula; AA/AGA Paula (same register set),OCS/ECS Paula; AA/AGA Paula (same register set) (common),16,rw,chip-register,,,Interrupt enable; set/clear style; master bit 15.,node0036
INTREQR,0xDFF01E,paula,OCS/ECS Paula; AA/AGA Paula (same register set),OCS/ECS Paula; AA/AGA Paula (same register set) (common),16,rw,chip-register,,,Interrupt request; set/clear style; must clear explicitly.,node0037
DSKPTH,0xDFF020,paula,OCS/ECS Paula; AA/AGA Paula (same register set),OCS/ECS/AGA; ECS/AGA widen high address bits (5 vs 3).,16,rw,chip-register,INTF_DSKBLK,Paula disk DMA via Agnus,Disk DMA; length in words; write bit sets direction.,node0030;node0031;node0032
DSKPTL,0xDFF022,paula,OCS/ECS Paula; AA/AGA Paula (same register set),OCS/ECS Paula; AA/AGA Paula (same register set) (common),16,rw,chip-register,INTF_DSKBLK,Paula disk DMA via Agnus,Disk DMA; length in words; write bit sets direction.,node0030;node0031;node0032
DSKLEN,0xDFF024,paula,OCS/ECS Paula; AA/AGA Paula (same register set),OCS/ECS Paula; AA/AGA Paula (same register set) (common),16,rw,chip-register,INTF_DSKBLK,Paula disk DMA via Agnus,Disk DMA; length in words; write bit sets direction.,node0030;node0031;node0032
DSKDAT,0xDFF026,paula,OCS/ECS Paula; AA/AGA Paula (same register set),OCS/ECS Paula; AA/AGA Paula (same register set) (common),16,rw,chip-register,INTF_DSKBLK,Paula disk DMA via Agnus,Disk DMA; length in words; write bit sets direction.,node0030;node0031;node0032
REFPTR,0xDFF028,agnus,"OCS/ECS (8371/8372A), Fatter Agnus 8375 (2MB); AGA Alice (2MB, 8 bitplanes)","OCS/ECS (8371/8372A), Fatter Agnus 8375 (2MB); AGA Alice (2MB, 8 bitplanes) (common)",16,rw,chip-register,,,DRAM refresh pointer; driven by Agnus refresh logic.,node0060
VPOSW,0xDFF02A,agnus,"OCS/ECS (8371/8372A), Fatter Agnus 8375 (2MB); AGA Alice (2MB, 8 bitplanes)","OCS/ECS (8371/8372A), Fatter Agnus 8375 (2MB); AGA Alice (2MB, 8 bitplanes) (common)",16,rw,chip-register,,,Beam position counter high bits; LOF interlace flag; used by Copper waits/skips and light pen.,node015F;node004B;node004C;node004D
VHPOSW,0xDFF02C,agnus,"OCS/ECS (8371/8372A), Fatter Agnus 8375 (2MB); AGA Alice (2MB, 8 bitplanes)","OCS/ECS (8371/8372A), Fatter Agnus 8375 (2MB); AGA Alice (2MB, 8 bitplanes) (common)",16,rw,chip-register,,,Beam position counter low bits; used by Copper waits/skips and light pen; horizontal resolution 1/160 screen.,node015F;node004B;node004C;node004D
COPCON,0xDFF02E,agnus,"OCS/ECS (8371/8372A), Fatter Agnus 8375 (2MB); AGA Alice (2MB, 8 bitplanes)",OCS/ECS/AGA (CDANG only on ECS/AGA),16,rw,chip-register,INTF_COPPER,Copper via Agnus,Copper pointer/control; even addresses; DMA-controlled.,node0056;node004B
SERDAT,0xDFF030,paula,OCS/ECS Paula; AA/AGA Paula (same register set),OCS/ECS Paula; AA/AGA Paula (same register set) (common),16,rw,chip-register,,,Serial port; period/control or data register.,node003D;node01A3
SERPER,0xDFF032,paula,OCS/ECS Paula; AA/AGA Paula (same register set),OCS/ECS Paula; AA/AGA Paula (same register set) (common),16,rw,chip-register,,,Serial port; period/control or data register.,node003D;node01A3
POTGO,0xDFF034,paula,OCS/ECS Paula; AA/AGA Paula (same register set),OCS/ECS Paula; AA/AGA Paula (same register set) (common),16,rw,chip-register,,,Proportional controllers; write POTGO to start counters; read during vblank; shared with mouse buttons/light pen.,node003B;node0186;node0187;node018B
BLTCON0,0xDFF040,blitter,OCS/ECS blitter (AGA: Alice-integrated blitter),OCS/ECS blitter (AGA: Alice-integrated blitter) (common),16,rw,chip-register,INTF_BLIT,Agnus DMA,Blitter control/pointers; use minterms and modulos carefully.,node001B;node001F
BLTCON1,0xDFF042,blitter,OCS/ECS blitter (AGA: Alice-integrated blitter),OCS/ECS blitter (AGA: Alice-integrated blitter) (common),16,rw,chip-register,INTF_BLIT,Agnus DMA,Blitter control/pointers; use minterms and modulos carefully.,node001B;node001F
BLTAFWM,0xDFF044,blitter,OCS/ECS blitter (AGA: Alice-integrated blitter),OCS/ECS blitter (AGA: Alice-integrated blitter) (common),16,rw,chip-register,INTF_BLIT,Agnus DMA,Blitter control/pointers; use minterms and modulos carefully.,node001B;node001F
BLTALWM,0xDFF046,blitter,OCS/ECS blitter (AGA: Alice-integrated blitter),OCS/ECS blitter (AGA: Alice-integrated blitter) (common),16,rw,chip-register,INTF_BLIT,Agnus DMA,Blitter control/pointers; use minterms and modulos carefully.,node001B;node001F
BLTCPTH,0xDFF048,blitter,OCS/ECS blitter (AGA: Alice-integrated blitter),OCS/ECS blitter (AGA: Alice-integrated blitter) (common),16,rw,chip-register,INTF_BLIT,Agnus DMA,Blitter control/pointers; use minterms and modulos carefully.,node001B;node001F
BLTCPTL,0xDFF04A,blitter,OCS/ECS blitter (AGA: Alice-integrated blitter),OCS/ECS blitter (AGA: Alice-integrated blitter) (common),16,rw,chip-register,INTF_BLIT,Agnus DMA,Blitter control/pointers; use minterms and modulos carefully.,node001B;node001F
BLTBPTH,0xDFF04C,blitter,OCS/ECS blitter (AGA: Alice-integrated blitter),OCS/ECS blitter (AGA: Alice-integrated blitter) (common),16,rw,chip-register,INTF_BLIT,Agnus DMA,Blitter control/pointers; use minterms and modulos carefully.,node001B;node001F
BLTBPTL,0xDFF04E,blitter,OCS/ECS blitter (AGA: Alice-integrated blitter),OCS/ECS blitter (AGA: Alice-integrated blitter) (common),16,rw,chip-register,INTF_BLIT,Agnus DMA,Blitter control/pointers; use minterms and modulos carefully.,node001B;node001F
BLTAPTH,0xDFF050,blitter,OCS/ECS blitter (AGA: Alice-integrated blitter),OCS/ECS blitter (AGA: Alice-integrated blitter) (common),16,rw,chip-register,INTF_BLIT,Agnus DMA,Blitter control/pointers; use minterms and modulos carefully.,node001B;node001F
BLTAPTL,0xDFF052,blitter,OCS/ECS blitter (AGA: Alice-integrated blitter),OCS/ECS blitter (AGA: Alice-integrated blitter) (common),16,rw,chip-register,INTF_BLIT,Agnus DMA,Blitter control/pointers; use minterms and modulos carefully.,node001B;node001F
BLTDPTH,0xDFF054,blitter,OCS/ECS blitter (AGA: Alice-integrated blitter),OCS/ECS blitter (AGA: Alice-integrated blitter) (common),16,rw,chip-register,INTF_BLIT,Agnus DMA,Blitter control/pointers; use minterms and modulos carefully.,node001B;node001F
BLTDPTL,0xDFF056,blitter,OCS/ECS blitter (AGA: Alice-integrated blitter),OCS/ECS blitter (AGA: Alice-integrated blitter) (common),16,rw,chip-register,INTF_BLIT,Agnus DMA,Blitter control/pointers; use minterms and modulos carefully.,node001B;node001F
BLTSIZE,0xDFF058,blitter,OCS/ECS blitter (AGA: Alice-integrated blitter),OCS/ECS blitter (AGA: Alice-integrated blitter) (common),16,rw,chip-register,INTF_BLIT,Agnus DMA,Blitter control/pointers; use minterms and modulos carefully.,node001B;node001F
BLTCON0L,0xDFF05A,blitter,OCS/ECS blitter (AGA: Alice-integrated blitter),OCS/ECS blitter (AGA: Alice-integrated blitter) (common),16,rw,chip-register,INTF_BLIT,Agnus DMA,Blitter control/pointers; use minterms and modulos carefully.,node001B;node001F
BLTSIZV,0xDFF05C,blitter,OCS/ECS blitter (AGA: Alice-integrated blitter),OCS/ECS blitter (AGA: Alice-integrated blitter) (common),16,rw,chip-register,INTF_BLIT,Agnus DMA,Blitter control/pointers; use minterms and modulos carefully.,node001B;node001F
BLTSIZH,0xDFF05E,blitter,OCS/ECS blitter (AGA: Alice-integrated blitter),OCS/ECS blitter (AGA: Alice-integrated blitter) (common),16,rw,chip-register,INTF_BLIT,Agnus DMA,Blitter control/pointers; use minterms and modulos carefully.,node001B;node001F
BLTCMOD,0xDFF060,blitter,OCS/ECS blitter (AGA: Alice-integrated blitter),OCS/ECS blitter (AGA: Alice-integrated blitter) (common),16,rw,chip-register,INTF_BLIT,Agnus DMA,Blitter control/pointers; use minterms and modulos carefully.,node001B;node001F
BLTBMOD,0xDFF062,blitter,OCS/ECS blitter (AGA: Alice-integrated blitter),OCS/ECS blitter (AGA: Alice-integrated blitter) (common),16,rw,chip-register,INTF_BLIT,Agnus DMA,Blitter control/pointers; use minterms and modulos carefully.,node001B;node001F
BLTAMOD,0xDFF064,blitter,OCS/ECS blitter (AGA: Alice-integrated blitter),OCS/ECS blitter (AGA: Alice-integrated blitter) (common),16,rw,chip-register,INTF_BLIT,Agnus DMA,Blitter control/pointers; use minterms and modulos carefully.,node001B;node001F
BLTDMOD,0xDFF066,blitter,OCS/ECS blitter (AGA: Alice-integrated blitter),OCS/ECS blitter (AGA: Alice-integrated blitter) (common),16,rw,chip-register,INTF_BLIT,Agnus DMA,Blitter control/pointers; use minterms and modulos carefully.,node001B;node001F
BLTCDAT,0xDFF070,blitter,OCS/ECS blitter (AGA: Alice-integrated blitter),OCS/ECS blitter (AGA: Alice-integrated blitter) (common),16,rw,chip-register,INTF_BLIT,Agnus DMA,Blitter control/pointers; use minterms and modulos carefully.,node001B;node001F
BLTBDAT,0xDFF072,blitter,OCS/ECS blitter (AGA: Alice-integrated blitter),OCS/ECS blitter (AGA: Alice-integrated blitter) (common),16,rw,chip-register,INTF_BLIT,Agnus DMA,Blitter control/pointers; use minterms and modulos carefully.,node001B;node001F
BLTADAT,0xDFF074,blitter,OCS/ECS blitter (AGA: Alice-integrated blitter),OCS/ECS blitter (AGA: Alice-integrated blitter) (common),16,rw,chip-register,INTF_BLIT,Agnus DMA,Blitter control/pointers; use minterms and modulos carefully.,node001B;node001F
DENISEID,0xDFF07C,denise,OCS Denise / Super Denise; AGA Lisa (extended palette/bitplanes),ECS/AGA (Lisa reports AGA revision),16,rw,chip-register,,,Chip revision ID (Denise/Super Denise/Lisa).,node0060
DSKSYNC,0xDFF07E,paula,OCS/ECS Paula; AA/AGA Paula (same register set),OCS/ECS Paula; AA/AGA Paula (same register set) (common),16,rw,chip-register,INTF_DSKBLK,Paula disk DMA via Agnus,Disk DMA; length in words; write bit sets direction.,node0030;node0031;node0032
COP1LCH,0xDFF080,agnus,"OCS/ECS (8371/8372A), Fatter Agnus 8375 (2MB); AGA Alice (2MB, 8 bitplanes)","OCS/ECS (8371/8372A), Fatter Agnus 8375 (2MB); AGA Alice (2MB, 8 bitplanes) (common)",16,rw,chip-register,INTF_COPPER,Copper via Agnus,Copper pointer/control; even addresses; DMA-controlled.,node0056;node004B
COP1LCL,0xDFF082,agnus,"OCS/ECS (8371/8372A), Fatter Agnus 8375 (2MB); AGA Alice (2MB, 8 bitplanes)","OCS/ECS (8371/8372A), Fatter Agnus 8375 (2MB); AGA Alice (2MB, 8 bitplanes) (common)",16,rw,chip-register,INTF_COPPER,Copper via Agnus,Copper pointer/control; even addresses; DMA-controlled.,node0056;node004B
COP2LCH,0xDFF084,agnus,"OCS/ECS (8371/8372A), Fatter Agnus 8375 (2MB); AGA Alice (2MB, 8 bitplanes)","OCS/ECS (8371/8372A), Fatter Agnus 8375 (2MB); AGA Alice (2MB, 8 bitplanes) (common)",16,rw,chip-register,INTF_COPPER,Copper via Agnus,Copper pointer/control; even addresses; DMA-controlled.,node0056;node004B
COP2LCL,0xDFF086,agnus,"OCS/ECS (8371/8372A), Fatter Agnus 8375 (2MB); AGA Alice (2MB, 8 bitplanes)","OCS/ECS (8371/8372A), Fatter Agnus 8375 (2MB); AGA Alice (2MB, 8 bitplanes) (common)",16,rw,chip-register,INTF_COPPER,Copper via Agnus,Copper pointer/control; even addresses; DMA-controlled.,node0056;node004B
COPJMP1,0xDFF088,agnus,"OCS/ECS (8371/8372A), Fatter Agnus 8375 (2MB); AGA Alice (2MB, 8 bitplanes)","OCS/ECS (8371/8372A), Fatter Agnus 8375 (2MB); AGA Alice (2MB, 8 bitplanes) (common)",16,rw,chip-register,INTF_COPPER,Copper via Agnus,Copper pointer/control; even addresses; DMA-controlled.,node0056;node004B
COPJMP2,0xDFF08A,agnus,"OCS/ECS (8371/8372A), Fatter Agnus 8375 (2MB); AGA Alice (2MB, 8 bitplanes)","OCS/ECS (8371/8372A), Fatter Agnus 8375 (2MB); AGA Alice (2MB, 8 bitplanes) (common)",16,rw,chip-register,INTF_COPPER,Copper via Agnus,Copper pointer/control; even addresses; DMA-controlled.,node0056;node004B
COPINS,0xDFF08C,agnus,"OCS/ECS (8371/8372A), Fatter Agnus 8375 (2MB); AGA Alice (2MB, 8 bitplanes)","OCS/ECS (8371/8372A), Fatter Agnus 8375 (2MB); AGA Alice (2MB, 8 bitplanes) (common)",16,rw,chip-register,INTF_COPPER,Copper via Agnus,Copper pointer/control; even addresses; DMA-controlled.,node0056;node004B
DIWSTRT,0xDFF08E,agnus,"OCS/ECS (8371/8372A), Fatter Agnus 8375 (2MB); AGA Alice (2MB, 8 bitplanes)","OCS/ECS (8371/8372A), Fatter Agnus 8375 (2MB); AGA Alice (2MB, 8 bitplanes) (common)",16,rw,chip-register,,,Display window start/stop; lowres coords; even addresses; interlace/overscan interactions.,node0083;node0071
DIWSTOP,0xDFF090,agnus,"OCS/ECS (8371/8372A), Fatter Agnus 8375 (2MB); AGA Alice (2MB, 8 bitplanes)","OCS/ECS (8371/8372A), Fatter Agnus 8375 (2MB); AGA Alice (2MB, 8 bitplanes) (common)",16,rw,chip-register,,,Display window start/stop; lowres coords; even addresses; interlace/overscan interactions.,node0083;node0071
DDFSTRT,0xDFF092,agnus,"OCS/ECS (8371/8372A), Fatter Agnus 8375 (2MB); AGA Alice (2MB, 8 bitplanes)","OCS/ECS (8371/8372A), Fatter Agnus 8375 (2MB); AGA Alice (2MB, 8 bitplanes) (common)",16,rw,chip-register,,,Data fetch start/stop; align to color clocks; AGA has extended fetch range.,node0083
DDFSTOP,0xDFF094,agnus,"OCS/ECS (8371/8372A), Fatter Agnus 8375 (2MB); AGA Alice (2MB, 8 bitplanes)","OCS/ECS (8371/8372A), Fatter Agnus 8375 (2MB); AGA Alice (2MB, 8 bitplanes) (common)",16,rw,chip-register,,,Data fetch start/stop; align to color clocks; AGA has extended fetch range.,node0083
DMACON,0xDFF096,agnus,"OCS/ECS (8371/8372A), Fatter Agnus 8375 (2MB); AGA Alice (2MB, 8 bitplanes)","OCS/ECS (8371/8372A), Fatter Agnus 8375 (2MB); AGA Alice (2MB, 8 bitplanes) (common)",16,rw,chip-register,,,Set/clear style; master DMA + per-channel bits.,node002F
CLXCON,0xDFF098,denise,OCS Denise / Super Denise; AGA Lisa (extended palette/bitplanes),OCS Denise / Super Denise; AGA Lisa (extended palette/bitplanes) (common),16,rw,chip-register,,,Collision registers; Denise/Paula shared space; read clears.,node0025;node015D
INTENA,0xDFF09A,paula,OCS/ECS Paula; AA/AGA Paula (same register set),OCS/ECS Paula; AA/AGA Paula (same register set) (common),16,rw,chip-register,,,Interrupt enable; set/clear style; master bit 15.,node0036
INTREQ,0xDFF09C,paula,OCS/ECS Paula; AA/AGA Paula (same register set),OCS/ECS Paula; AA/AGA Paula (same register set) (common),16,rw,chip-register,,,Interrupt request; set/clear style; must clear explicitly.,node0037
ADKCON,0xDFF09E,paula,OCS/ECS Paula; AA/AGA Paula (same register set),OCS/ECS Paula; AA/AGA Paula (same register set) (common),16,rw,chip-register,,,Audio/disk control; set/clear style.,node0036
AUD0LCH,0xDFF0A0,paula,OCS/ECS Paula; AA/AGA Paula (same register set),OCS/ECS/AGA; ECS/AGA widen high address bits (5 vs 3).,16,rw,chip-register,INTF_AUD0,Paula audio DMA via Agnus,Audio channel; length in words; period >=123 PAL/124 NTSC; even addresses.,node00DB;node00E0;node00F2
AUD0LCL,0xDFF0A2,paula,OCS/ECS Paula; AA/AGA Paula (same register set),OCS/ECS Paula; AA/AGA Paula (same register set) (common),16,rw,chip-register,INTF_AUD0,Paula audio DMA via Agnus,Audio channel; length in words; period >=123 PAL/124 NTSC; even addresses.,node00DB;node00E0;node00F2
AUD0LEN,0xDFF0A4,paula,OCS/ECS Paula; AA/AGA Paula (same register set),OCS/ECS Paula; AA/AGA Paula (same register set) (common),16,rw,chip-register,INTF_AUD0,Paula audio DMA via Agnus,Audio channel; length in words; period >=123 PAL/124 NTSC; even addresses.,node00DB;node00E0;node00F2
AUD0PER,0xDFF0A6,paula,OCS/ECS Paula; AA/AGA Paula (same register set),OCS/ECS Paula; AA/AGA Paula (same register set) (common),16,rw,chip-register,INTF_AUD0,Paula audio DMA via Agnus,Audio channel; length in words; period >=123 PAL/124 NTSC; even addresses.,node00DB;node00E0;node00F2
AUD0VOL,0xDFF0A8,paula,OCS/ECS Paula; AA/AGA Paula (same register set),OCS/ECS Paula; AA/AGA Paula (same register set) (common),16,rw,chip-register,INTF_AUD0,Paula audio DMA via Agnus,Audio channel; length in words; period >=123 PAL/124 NTSC; even addresses.,node00DB;node00E0;node00F2
AUD0DAT,0xDFF0AA,paula,OCS/ECS Paula; AA/AGA Paula (same register set),OCS/ECS Paula; AA/AGA Paula (same register set) (common),16,rw,chip-register,INTF_AUD0,Paula audio DMA via Agnus,Audio channel; length in words; period >=123 PAL/124 NTSC; even addresses.,node00DB;node00E0;node00F2
AUD1LCH,0xDFF0B0,paula,OCS/ECS Paula; AA/AGA Paula (same register set),OCS/ECS/AGA; ECS/AGA widen high address bits (5 vs 3).,16,rw,chip-register,INTF_AUD1,Paula audio DMA via Agnus,Audio channel; length in words; period >=123 PAL/124 NTSC; even addresses.,node00DB;node00E0;node00F2
AUD1LCL,0xDFF0B2,paula,OCS/ECS Paula; AA/AGA Paula (same register set),OCS/ECS Paula; AA/AGA Paula (same register set) (common),16,rw,chip-register,INTF_AUD1,Paula audio DMA via Agnus,Audio channel; length in words; period >=123 PAL/124 NTSC; even addresses.,node00DB;node00E0;node00F2
AUD1LEN,0xDFF0B4,paula,OCS/ECS Paula; AA/AGA Paula (same register set),OCS/ECS Paula; AA/AGA Paula (same register set) (common),16,rw,chip-register,INTF_AUD1,Paula audio DMA via Agnus,Audio channel; length in words; period >=123 PAL/124 NTSC; even addresses.,node00DB;node00E0;node00F2
AUD1PER,0xDFF0B6,paula,OCS/ECS Paula; AA/AGA Paula (same register set),OCS/ECS Paula; AA/AGA Paula (same register set) (common),16,rw,chip-register,INTF_AUD1,Paula audio DMA via Agnus,Audio channel; length in words; period >=123 PAL/124 NTSC; even addresses.,node00DB;node00E0;node00F2
AUD1VOL,0xDFF0B8,paula,OCS/ECS Paula; AA/AGA Paula (same register set),OCS/ECS Paula; AA/AGA Paula (same register set) (common),16,rw,chip-register,INTF_AUD1,Paula audio DMA via Agnus,Audio channel; length in words; period >=123 PAL/124 NTSC; even addresses.,node00DB;node00E0;node00F2
AUD1DAT,0xDFF0BA,paula,OCS/ECS Paula; AA/AGA Paula (same register set),OCS/ECS Paula; AA/AGA Paula (same register set) (common),16,rw,chip-register,INTF_AUD1,Paula audio DMA via Agnus,Audio channel; length in words; period >=123 PAL/124 NTSC; even addresses.,node00DB;node00E0;node00F2
AUD2LCH,0xDFF0C0,paula,OCS/ECS Paula; AA/AGA Paula (same register set),OCS/ECS/AGA; ECS/AGA widen high address bits (5 vs 3).,16,rw,chip-register,INTF_AUD2,Paula audio DMA via Agnus,Audio channel; length in words; period >=123 PAL/124 NTSC; even addresses.,node00DB;node00E0;node00F2
AUD2LCL,0xDFF0C2,paula,OCS/ECS Paula; AA/AGA Paula (same register set),OCS/ECS Paula; AA/AGA Paula (same register set) (common),16,rw,chip-register,INTF_AUD2,Paula audio DMA via Agnus,Audio channel; length in words; period >=123 PAL/124 NTSC; even addresses.,node00DB;node00E0;node00F2
AUD2LEN,0xDFF0C4,paula,OCS/ECS Paula; AA/AGA Paula (same register set),OCS/ECS Paula; AA/AGA Paula (same register set) (common),16,rw,chip-register,INTF_AUD2,Paula audio DMA via Agnus,Audio channel; length in words; period >=123 PAL/124 NTSC; even addresses.,node00DB;node00E0;node00F2
AUD2PER,0xDFF0C6,paula,OCS/ECS Paula; AA/AGA Paula (same register set),OCS/ECS Paula; AA/AGA Paula (same register set) (common),16,rw,chip-register,INTF_AUD2,Paula audio DMA via Agnus,Audio channel; length in words; period >=123 PAL/124 NTSC; even addresses.,node00DB;node00E0;node00F2
AUD2VOL,0xDFF0C8,paula,OCS/ECS Paula; AA/AGA Paula (same register set),OCS/ECS Paula; AA/AGA Paula (same register set) (common),16,rw,chip-register,INTF_AUD2,Paula audio DMA via Agnus,Audio channel; length in words; period >=123 PAL/124 NTSC; even addresses.,node00DB;node00E0;node00F2
AUD2DAT,0xDFF0CA,paula,OCS/ECS Paula; AA/AGA Paula (same register set),OCS/ECS Paula; AA/AGA Paula (same register set) (common),16,rw,chip-register,INTF_AUD2,Paula audio DMA via Agnus,Audio channel; length in words; period >=123 PAL/124 NTSC; even addresses.,node00DB;node00E0;node00F2
AUD3LCH,0xDFF0D0,paula,OCS/ECS Paula; AA/AGA Paula (same register set),OCS/ECS/AGA; ECS/AGA widen high address bits (5 vs 3).,16,rw,chip-register,INTF_AUD3,Paula audio DMA via Agnus,Audio channel; length in words; period >=123 PAL/124 NTSC; even addresses.,node00DB;node00E0;node00F2
AUD3LCL,0xDFF0D2,paula,OCS/ECS Paula; AA/AGA Paula (same register set),OCS/ECS Paula; AA/AGA Paula (same register set) (common),16,rw,chip-register,INTF_AUD3,Paula audio DMA via Agnus,Audio channel; length in words; period >=123 PAL/124 NTSC; even addresses.,node00DB;node00E0;node00F2
AUD3LEN,0xDFF0D4,paula,OCS/ECS Paula; AA/AGA Paula (same register set),OCS/ECS Paula; AA/AGA Paula (same register set) (common),16,rw,chip-register,INTF_AUD3,Paula audio DMA via Agnus,Audio channel; length in words; period >=123 PAL/124 NTSC; even addresses.,node00DB;node00E0;node00F2
AUD3PER,0xDFF0D6,paula,OCS/ECS Paula; AA/AGA Paula (same register set),OCS/ECS Paula; AA/AGA Paula (same register set) (common),16,rw,chip-register,INTF_AUD3,Paula audio DMA via Agnus,Audio channel; length in words; period >=123 PAL/124 NTSC; even addresses.,node00DB;node00E0;node00F2
AUD3VOL,0xDFF0D8,paula,OCS/ECS Paula; AA/AGA Paula (same register set),OCS/ECS Paula; AA/AGA Paula (same register set) (common),16,rw,chip-register,INTF_AUD3,Paula audio DMA via Agnus,Audio channel; length in words; period >=123 PAL/124 NTSC; even addresses.,node00DB;node00E0;node00F2
AUD3DAT,0xDFF0DA,paula,OCS/ECS Paula; AA/AGA Paula (same register set),OCS/ECS Paula; AA/AGA Paula (same register set) (common),16,rw,chip-register,INTF_AUD3,Paula audio DMA via Agnus,Audio channel; length in words; period >=123 PAL/124 NTSC; even addresses.,node00DB;node00E0;node00F2
BPL1PTH,0xDFF0E0,agnus,"OCS/ECS (8371/8372A), Fatter Agnus 8375 (2MB); AGA Alice (2MB, 8 bitplanes)","OCS/ECS (8371/8372A), Fatter Agnus 8375 (2MB); AGA Alice (2MB, 8 bitplanes) (common)",16,rw,chip-register,,Agnus DMA,Bitplane pointers/modulos; even addresses; DMA fetch (ECS: up to 6 planes; AGA: up to 8).,node0036;node004C
BPL1PTL,0xDFF0E2,agnus,"OCS/ECS (8371/8372A), Fatter Agnus 8375 (2MB); AGA Alice (2MB, 8 bitplanes)","OCS/ECS (8371/8372A), Fatter Agnus 8375 (2MB); AGA Alice (2MB, 8 bitplanes) (common)",16,rw,chip-register,,Agnus DMA,Bitplane pointers/modulos; even addresses; DMA fetch (ECS: up to 6 planes; AGA: up to 8).,node0036;node004C
BPL2PTH,0xDFF0E4,agnus,"OCS/ECS (8371/8372A), Fatter Agnus 8375 (2MB); AGA Alice (2MB, 8 bitplanes)","OCS/ECS (8371/8372A), Fatter Agnus 8375 (2MB); AGA Alice (2MB, 8 bitplanes) (common)",16,rw,chip-register,,Agnus DMA,Bitplane pointers/modulos; even addresses; DMA fetch (ECS: up to 6 planes; AGA: up to 8).,node0036;node004C
BPL2PTL,0xDFF0E6,agnus,"OCS/ECS (8371/8372A), Fatter Agnus 8375 (2MB); AGA Alice (2MB, 8 bitplanes)","OCS/ECS (8371/8372A), Fatter Agnus 8375 (2MB); AGA Alice (2MB, 8 bitplanes) (common)",16,rw,chip-register,,Agnus DMA,Bitplane pointers/modulos; even addresses; DMA fetch (ECS: up to 6 planes; AGA: up to 8).,node0036;node004C
BPL3PTH,0xDFF0E8,agnus,"OCS/ECS (8371/8372A), Fatter Agnus 8375 (2MB); AGA Alice (2MB, 8 bitplanes)","OCS/ECS (8371/8372A), Fatter Agnus 8375 (2MB); AGA Alice (2MB, 8 bitplanes) (common)",16,rw,chip-register,,Agnus DMA,Bitplane pointers/modulos; even addresses; DMA fetch (ECS: up to 6 planes; AGA: up to 8).,node0036;node004C
BPL3PTL,0xDFF0EA,agnus,"OCS/ECS (8371/8372A), Fatter Agnus 8375 (2MB); AGA Alice (2MB, 8 bitplanes)","OCS/ECS (8371/8372A), Fatter Agnus 8375 (2MB); AGA Alice (2MB, 8 bitplanes) (common)",16,rw,chip-register,,Agnus DMA,Bitplane pointers/modulos; even addresses; DMA fetch (ECS: up to 6 planes; AGA: up to 8).,node0036;node004C
BPL4PTH,0xDFF0EC,agnus,"OCS/ECS (8371/8372A), Fatter Agnus 8375 (2MB); AGA Alice (2MB, 8 bitplanes)","OCS/ECS (8371/8372A), Fatter Agnus 8375 (2MB); AGA Alice (2MB, 8 bitplanes) (common)",16,rw,chip-register,,Agnus DMA,Bitplane pointers/modulos; even addresses; DMA fetch (ECS: up to 6 planes; AGA: up to 8).,node0036;node004C
BPL4PTL,0xDFF0EE,agnus,"OCS/ECS (8371/8372A), Fatter Agnus 8375 (2MB); AGA Alice (2MB, 8 bitplanes)","OCS/ECS (8371/8372A), Fatter Agnus 8375 (2MB); AGA Alice (2MB, 8 bitplanes) (common)",16,rw,chip-register,,Agnus DMA,Bitplane pointers/modulos; even addresses; DMA fetch (ECS: up to 6 planes; AGA: up to 8).,node0036;node004C
BPL5PTH,0xDFF0F0,agnus,"OCS/ECS (8371/8372A), Fatter Agnus 8375 (2MB); AGA Alice (2MB, 8 bitplanes)","OCS/ECS (8371/8372A), Fatter Agnus 8375 (2MB); AGA Alice (2MB, 8 bitplanes) (common)",16,rw,chip-register,,Agnus DMA,Bitplane pointers/modulos; even addresses; DMA fetch (ECS: up to 6 planes; AGA: up to 8).,node0036;node004C
BPL5PTL,0xDFF0F2,agnus,"OCS/ECS (8371/8372A), Fatter Agnus 8375 (2MB); AGA Alice (2MB, 8 bitplanes)","OCS/ECS (8371/8372A), Fatter Agnus 8375 (2MB); AGA Alice (2MB, 8 bitplanes) (common)",16,rw,chip-register,,Agnus DMA,Bitplane pointers/modulos; even addresses; DMA fetch (ECS: up to 6 planes; AGA: up to 8).,node0036;node004C
BPL6PTH,0xDFF0F4,agnus,"OCS/ECS (8371/8372A), Fatter Agnus 8375 (2MB); AGA Alice (2MB, 8 bitplanes)","OCS/ECS (8371/8372A), Fatter Agnus 8375 (2MB); AGA Alice (2MB, 8 bitplanes) (common)",16,rw,chip-register,,Agnus DMA,Bitplane pointers/modulos; even addresses; DMA fetch (ECS: up to 6 planes; AGA: up to 8).,node0036;node004C
BPL6PTL,0xDFF0F6,agnus,"OCS/ECS (8371/8372A), Fatter Agnus 8375 (2MB); AGA Alice (2MB, 8 bitplanes)","OCS/ECS (8371/8372A), Fatter Agnus 8375 (2MB); AGA Alice (2MB, 8 bitplanes) (common)",16,rw,chip-register,,Agnus DMA,Bitplane pointers/modulos; even addresses; DMA fetch (ECS: up to 6 planes; AGA: up to 8).,node0036;node004C
BPLCON0,0xDFF100,agnus,"OCS/ECS (8371/8372A), Fatter Agnus 8375 (2MB); AGA Alice (2MB, 8 bitplanes)",OCS/ECS/AGA; AGA adds 8-bitplanes/HAM8/extra bits.,16,rw,chip-register,,Agnus DMA,Bitplane pointers/modulos; even addresses; DMA fetch (ECS: up to 6 planes; AGA: up to 8).,node0036;node004C
BPLCON1,0xDFF102,agnus,"OCS/ECS (8371/8372A), Fatter Agnus 8375 (2MB); AGA Alice (2MB, 8 bitplanes)","OCS/ECS (8371/8372A), Fatter Agnus 8375 (2MB); AGA Alice (2MB, 8 bitplanes) (common)",16,rw,chip-register,,Agnus DMA,Bitplane pointers/modulos; even addresses; DMA fetch (ECS: up to 6 planes; AGA: up to 8).,node0036;node004C
BPLCON2,0xDFF104,agnus,"OCS/ECS (8371/8372A), Fatter Agnus 8375 (2MB); AGA Alice (2MB, 8 bitplanes)",OCS/ECS; AGA extends priority bits for 8 bitplanes.,16,rw,chip-register,,Agnus DMA,Bitplane pointers/modulos; even addresses; DMA fetch (ECS: up to 6 planes; AGA: up to 8).,node0036;node004C
BPLCON3,0xDFF106,agnus,"OCS/ECS (8371/8372A), Fatter Agnus 8375 (2MB); AGA Alice (2MB, 8 bitplanes)",ECS/AGA (extra color/bitplane control),16,rw,chip-register,,Agnus DMA,Bitplane pointers/modulos; even addresses; DMA fetch (ECS: up to 6 planes; AGA: up to 8).,node0036;node004C
BPL1MOD,0xDFF108,agnus,"OCS/ECS (8371/8372A), Fatter Agnus 8375 (2MB); AGA Alice (2MB, 8 bitplanes)","OCS/ECS (8371/8372A), Fatter Agnus 8375 (2MB); AGA Alice (2MB, 8 bitplanes) (common)",16,rw,chip-register,,Agnus DMA,Bitplane pointers/modulos; even addresses; DMA fetch (ECS: up to 6 planes; AGA: up to 8).,node0036;node004C
BPL2MOD,0xDFF10A,agnus,"OCS/ECS (8371/8372A), Fatter Agnus 8375 (2MB); AGA Alice (2MB, 8 bitplanes)","OCS/ECS (8371/8372A), Fatter Agnus 8375 (2MB); AGA Alice (2MB, 8 bitplanes) (common)",16,rw,chip-register,,Agnus DMA,Bitplane pointers/modulos; even addresses; DMA fetch (ECS: up to 6 planes; AGA: up to 8).,node0036;node004C
BPL1DAT,0xDFF110,agnus,"OCS/ECS (8371/8372A), Fatter Agnus 8375 (2MB); AGA Alice (2MB, 8 bitplanes)","OCS/ECS (8371/8372A), Fatter Agnus 8375 (2MB); AGA Alice (2MB, 8 bitplanes) (common)",16,rw,chip-register,,Agnus DMA,Bitplane pointers/modulos; even addresses; DMA fetch (ECS: up to 6 planes; AGA: up to 8).,node0036;node004C
BPL2DAT,0xDFF112,agnus,"OCS/ECS (8371/8372A), Fatter Agnus 8375 (2MB); AGA Alice (2MB, 8 bitplanes)","OCS/ECS (8371/8372A), Fatter Agnus 8375 (2MB); AGA Alice (2MB, 8 bitplanes) (common)",16,rw,chip-register,,Agnus DMA,Bitplane pointers/modulos; even addresses; DMA fetch (ECS: up to 6 planes; AGA: up to 8).,node0036;node004C
BPL3DAT,0xDFF114,agnus,"OCS/ECS (8371/8372A), Fatter Agnus 8375 (2MB); AGA Alice (2MB, 8 bitplanes)","OCS/ECS (8371/8372A), Fatter Agnus 8375 (2MB); AGA Alice (2MB, 8 bitplanes) (common)",16,rw,chip-register,,Agnus DMA,Bitplane pointers/modulos; even addresses; DMA fetch (ECS: up to 6 planes; AGA: up to 8).,node0036;node004C
BPL4DAT,0xDFF116,agnus,"OCS/ECS (8371/8372A), Fatter Agnus 8375 (2MB); AGA Alice (2MB, 8 bitplanes)","OCS/ECS (8371/8372A), Fatter Agnus 8375 (2MB); AGA Alice (2MB, 8 bitplanes) (common)",16,rw,chip-register,,Agnus DMA,Bitplane pointers/modulos; even addresses; DMA fetch (ECS: up to 6 planes; AGA: up to 8).,node0036;node004C
BPL5DAT,0xDFF118,agnus,"OCS/ECS (8371/8372A), Fatter Agnus 8375 (2MB); AGA Alice (2MB, 8 bitplanes)","OCS/ECS (8371/8372A), Fatter Agnus 8375 (2MB); AGA Alice (2MB, 8 bitplanes) (common)",16,rw,chip-register,,Agnus DMA,Bitplane pointers/modulos; even addresses; DMA fetch (ECS: up to 6 planes; AGA: up to 8).,node0036;node004C
BPL6DAT,0xDFF11A,agnus,"OCS/ECS (8371/8372A), Fatter Agnus 8375 (2MB); AGA Alice (2MB, 8 bitplanes)","OCS/ECS (8371/8372A), Fatter Agnus 8375 (2MB); AGA Alice (2MB, 8 bitplanes) (common)",16,rw,chip-register,,Agnus DMA,Bitplane pointers/modulos; even addresses; DMA fetch (ECS: up to 6 planes; AGA: up to 8).,node0036;node004C
SPR0POS,0xDFF140,denise,OCS Denise / Super Denise; AGA Lisa (extended palette/bitplanes),OCS Denise / Super Denise; AGA Lisa (extended palette/bitplanes) (common),16,rw,chip-register,,Agnus DMA,Sprite pointers/data; even addresses; DMA fetch during hblank.,node003F
SPR0CTL,0xDFF142,denise,OCS Denise / Super Denise; AGA Lisa (extended palette/bitplanes),OCS Denise / Super Denise; AGA Lisa (extended palette/bitplanes) (common),16,rw,chip-register,,Agnus DMA,Sprite pointers/data; even addresses; DMA fetch during hblank.,node003F
SPR0DATA,0xDFF144,denise,OCS Denise / Super Denise; AGA Lisa (extended palette/bitplanes),OCS Denise / Super Denise; AGA Lisa (extended palette/bitplanes) (common),16,rw,chip-register,,Agnus DMA,Sprite pointers/data; even addresses; DMA fetch during hblank.,node003F
SPR0DATB,0xDFF146,denise,OCS Denise / Super Denise; AGA Lisa (extended palette/bitplanes),OCS Denise / Super Denise; AGA Lisa (extended palette/bitplanes) (common),16,rw,chip-register,,Agnus DMA,Sprite pointers/data; even addresses; DMA fetch during hblank.,node003F
SPR1POS,0xDFF148,denise,OCS Denise / Super Denise; AGA Lisa (extended palette/bitplanes),OCS Denise / Super Denise; AGA Lisa (extended palette/bitplanes) (common),16,rw,chip-register,,Agnus DMA,Sprite pointers/data; even addresses; DMA fetch during hblank.,node003F
SPR1CTL,0xDFF14A,denise,OCS Denise / Super Denise; AGA Lisa (extended palette/bitplanes),OCS Denise / Super Denise; AGA Lisa (extended palette/bitplanes) (common),16,rw,chip-register,,Agnus DMA,Sprite pointers/data; even addresses; DMA fetch during hblank.,node003F
SPR1DATA,0xDFF14C,denise,OCS Denise / Super Denise; AGA Lisa (extended palette/bitplanes),OCS Denise / Super Denise; AGA Lisa (extended palette/bitplanes) (common),16,rw,chip-register,,Agnus DMA,Sprite pointers/data; even addresses; DMA fetch during hblank.,node003F
SPR1DATB,0xDFF14E,denise,OCS Denise / Super Denise; AGA Lisa (extended palette/bitplanes),OCS Denise / Super Denise; AGA Lisa (extended palette/bitplanes) (common),16,rw,chip-register,,Agnus DMA,Sprite pointers/data; even addresses; DMA fetch during hblank.,node003F
SPR2POS,0xDFF150,denise,OCS Denise / Super Denise; AGA Lisa (extended palette/bitplanes),OCS Denise / Super Denise; AGA Lisa (extended palette/bitplanes) (common),16,rw,chip-register,,Agnus DMA,Sprite pointers/data; even addresses; DMA fetch during hblank.,node003F
SPR2CTL,0xDFF152,denise,OCS Denise / Super Denise; AGA Lisa (extended palette/bitplanes),OCS Denise / Super Denise; AGA Lisa (extended palette/bitplanes) (common),16,rw,chip-register,,Agnus DMA,Sprite pointers/data; even addresses; DMA fetch during hblank.,node003F
SPR2DATA,0xDFF154,denise,OCS Denise / Super Denise; AGA Lisa (extended palette/bitplanes),OCS Denise / Super Denise; AGA Lisa (extended palette/bitplanes) (common),16,rw,chip-register,,Agnus DMA,Sprite pointers/data; even addresses; DMA fetch during hblank.,node003F
SPR2DATB,0xDFF156,denise,OCS Denise / Super Denise; AGA Lisa (extended palette/bitplanes),OCS Denise / Super Denise; AGA Lisa (extended palette/bitplanes) (common),16,rw,chip-register,,Agnus DMA,Sprite pointers/data; even addresses; DMA fetch during hblank.,node003F
SPR3POS,0xDFF158,denise,OCS Denise / Super Denise; AGA Lisa (extended palette/bitplanes),OCS Denise / Super Denise; AGA Lisa (extended palette/bitplanes) (common),16,rw,chip-register,,Agnus DMA,Sprite pointers/data; even addresses; DMA fetch during hblank.,node003F
SPR3CTL,0xDFF15A,denise,OCS Denise / Super Denise; AGA Lisa (extended palette/bitplanes),OCS Denise / Super Denise; AGA Lisa (extended palette/bitplanes) (common),16,rw,chip-register,,Agnus DMA,Sprite pointers/data; even addresses; DMA fetch during hblank.,node003F
SPR3DATA,0xDFF15C,denise,OCS Denise / Super Denise; AGA Lisa (extended palette/bitplanes),OCS Denise / Super Denise; AGA Lisa (extended palette/bitplanes) (common),16,rw,chip-register,,Agnus DMA,Sprite pointers/data; even addresses; DMA fetch during hblank.,node003F
SPR3DATB,0xDFF15E,denise,OCS Denise / Super Denise; AGA Lisa (extended palette/bitplanes),OCS Denise / Super Denise; AGA Lisa (extended palette/bitplanes) (common),16,rw,chip-register,,Agnus DMA,Sprite pointers/data; even addresses; DMA fetch during hblank.,node003F
SPR4POS,0xDFF160,denise,OCS Denise / Super Denise; AGA Lisa (extended palette/bitplanes),OCS Denise / Super Denise; AGA Lisa (extended palette/bitplanes) (common),16,rw,chip-register,,Agnus DMA,Sprite pointers/data; even addresses; DMA fetch during hblank.,node003F
SPR4CTL,0xDFF162,denise,OCS Denise / Super Denise; AGA Lisa (extended palette/bitplanes),OCS Denise / Super Denise; AGA Lisa (extended palette/bitplanes) (common),16,rw,chip-register,,Agnus DMA,Sprite pointers/data; even addresses; DMA fetch during hblank.,node003F
SPR4DATA,0xDFF164,denise,OCS Denise / Super Denise; AGA Lisa (extended palette/bitplanes),OCS Denise / Super Denise; AGA Lisa (extended palette/bitplanes) (common),16,rw,chip-register,,Agnus DMA,Sprite pointers/data; even addresses; DMA fetch during hblank.,node003F
SPR4DATB,0xDFF166,denise,OCS Denise / Super Denise; AGA Lisa (extended palette/bitplanes),OCS Denise / Super Denise; AGA Lisa (extended palette/bitplanes) (common),16,rw,chip-register,,Agnus DMA,Sprite pointers/data; even addresses; DMA fetch during hblank.,node003F
SPR5POS,0xDFF168,denise,OCS Denise / Super Denise; AGA Lisa (extended palette/bitplanes),OCS Denise / Super Denise; AGA Lisa (extended palette/bitplanes) (common),16,rw,chip-register,,Agnus DMA,Sprite pointers/data; even addresses; DMA fetch during hblank.,node003F
SPR5CTL,0xDFF16A,denise,OCS Denise / Super Denise; AGA Lisa (extended palette/bitplanes),OCS Denise / Super Denise; AGA Lisa (extended palette/bitplanes) (common),16,rw,chip-register,,Agnus DMA,Sprite pointers/data; even addresses; DMA fetch during hblank.,node003F
SPR5DATA,0xDFF16C,denise,OCS Denise / Super Denise; AGA Lisa (extended palette/bitplanes),OCS Denise / Super Denise; AGA Lisa (extended palette/bitplanes) (common),16,rw,chip-register,,Agnus DMA,Sprite pointers/data; even addresses; DMA fetch during hblank.,node003F
SPR5DATB,0xDFF16E,denise,OCS Denise / Super Denise; AGA Lisa (extended palette/bitplanes),OCS Denise / Super Denise; AGA Lisa (extended palette/bitplanes) (common),16,rw,chip-register,,Agnus DMA,Sprite pointers/data; even addresses; DMA fetch during hblank.,node003F
SPR6POS,0xDFF170,denise,OCS Denise / Super Denise; AGA Lisa (extended palette/bitplanes),OCS Denise / Super Denise; AGA Lisa (extended palette/bitplanes) (common),16,rw,chip-register,,Agnus DMA,Sprite pointers/data; even addresses; DMA fetch during hblank.,node003F
SPR6CTL,0xDFF172,denise,OCS Denise / Super Denise; AGA Lisa (extended palette/bitplanes),OCS Denise / Super Denise; AGA Lisa (extended palette/bitplanes) (common),16,rw,chip-register,,Agnus DMA,Sprite pointers/data; even addresses; DMA fetch during hblank.,node003F
SPR6DATA,0xDFF174,denise,OCS Denise / Super Denise; AGA Lisa (extended palette/bitplanes),OCS Denise / Super Denise; AGA Lisa (extended palette/bitplanes) (common),16,rw,chip-register,,Agnus DMA,Sprite pointers/data; even addresses; DMA fetch during hblank.,node003F
SPR6DATB,0xDFF176,denise,OCS Denise / Super Denise; AGA Lisa (extended palette/bitplanes),OCS Denise / Super Denise; AGA Lisa (extended palette/bitplanes) (common),16,rw,chip-register,,Agnus DMA,Sprite pointers/data; even addresses; DMA fetch during hblank.,node003F
SPR7POS,0xDFF178,denise,OCS Denise / Super Denise; AGA Lisa (extended palette/bitplanes),OCS Denise / Super Denise; AGA Lisa (extended palette/bitplanes) (common),16,rw,chip-register,,Agnus DMA,Sprite pointers/data; even addresses; DMA fetch during hblank.,node003F
SPR7CTL,0xDFF17A,denise,OCS Denise / Super Denise; AGA Lisa (extended palette/bitplanes),OCS Denise / Super Denise; AGA Lisa (extended palette/bitplanes) (common),16,rw,chip-register,,Agnus DMA,Sprite pointers/data; even addresses; DMA fetch during hblank.,node003F
SPR7DATA,0xDFF17C,denise,OCS Denise / Super Denise; AGA Lisa (extended palette/bitplanes),OCS Denise / Super Denise; AGA Lisa (extended palette/bitplanes) (common),16,rw,chip-register,,Agnus DMA,Sprite pointers/data; even addresses; DMA fetch during hblank.,node003F
SPR7DATB,0xDFF17E,denise,OCS Denise / Super Denise; AGA Lisa (extended palette/bitplanes),OCS Denise / Super Denise; AGA Lisa (extended palette/bitplanes) (common),16,rw,chip-register,,Agnus DMA,Sprite pointers/data; even addresses; DMA fetch during hblank.,node003F
COLOR00,0xDFF180,denise,OCS Denise / Super Denise; AGA Lisa (extended palette/bitplanes),OCS/ECS 12-bit palette; AGA/Lisa uses 24-bit palette and extended color registers.,16,rw,chip-register,,Denise palette,Palette color registers; write-only; 12-bit RGB (OCS/ECS).,node0036
COLOR01,0xDFF182,denise,OCS Denise / Super Denise; AGA Lisa (extended palette/bitplanes),OCS/ECS 12-bit palette; AGA/Lisa uses 24-bit palette and extended color registers.,16,rw,chip-register,,Denise palette,Palette color registers; write-only; 12-bit RGB (OCS/ECS).,node0036
COLOR02,0xDFF184,denise,OCS Denise / Super Denise; AGA Lisa (extended palette/bitplanes),OCS/ECS 12-bit palette; AGA/Lisa uses 24-bit palette and extended color registers.,16,rw,chip-register,,Denise palette,Palette color registers; write-only; 12-bit RGB (OCS/ECS).,node0036
COLOR03,0xDFF186,denise,OCS Denise / Super Denise; AGA Lisa (extended palette/bitplanes),OCS/ECS 12-bit palette; AGA/Lisa uses 24-bit palette and extended color registers.,16,rw,chip-register,,Denise palette,Palette color registers; write-only; 12-bit RGB (OCS/ECS).,node0036
COLOR04,0xDFF188,denise,OCS Denise / Super Denise; AGA Lisa (extended palette/bitplanes),OCS/ECS 12-bit palette; AGA/Lisa uses 24-bit palette and extended color registers.,16,rw,chip-register,,Denise palette,Palette color registers; write-only; 12-bit RGB (OCS/ECS).,node0036
COLOR05,0xDFF18A,denise,OCS Denise / Super Denise; AGA Lisa (extended palette/bitplanes),OCS/ECS 12-bit palette; AGA/Lisa uses 24-bit palette and extended color registers.,16,rw,chip-register,,Denise palette,Palette color registers; write-only; 12-bit RGB (OCS/ECS).,node0036
COLOR06,0xDFF18C,denise,OCS Denise / Super Denise; AGA Lisa (extended palette/bitplanes),OCS/ECS 12-bit palette; AGA/Lisa uses 24-bit palette and extended color registers.,16,rw,chip-register,,Denise palette,Palette color registers; write-only; 12-bit RGB (OCS/ECS).,node0036
COLOR07,0xDFF18E,denise,OCS Denise / Super Denise; AGA Lisa (extended palette/bitplanes),OCS/ECS 12-bit palette; AGA/Lisa uses 24-bit palette and extended color registers.,16,rw,chip-register,,Denise palette,Palette color registers; write-only; 12-bit RGB (OCS/ECS).,node0036
COLOR08,0xDFF190,denise,OCS Denise / Super Denise; AGA Lisa (extended palette/bitplanes),OCS/ECS 12-bit palette; AGA/Lisa uses 24-bit palette and extended color registers.,16,rw,chip-register,,Denise palette,Palette color registers; write-only; 12-bit RGB (OCS/ECS).,node0036
COLOR09,0xDFF192,denise,OCS Denise / Super Denise; AGA Lisa (extended palette/bitplanes),OCS/ECS 12-bit palette; AGA/Lisa uses 24-bit palette and extended color registers.,16,rw,chip-register,,Denise palette,Palette color registers; write-only; 12-bit RGB (OCS/ECS).,node0036
COLOR10,0xDFF194,denise,OCS Denise / Super Denise; AGA Lisa (extended palette/bitplanes),OCS/ECS 12-bit palette; AGA/Lisa uses 24-bit palette and extended color registers.,16,rw,chip-register,,Denise palette,Palette color registers; write-only; 12-bit RGB (OCS/ECS).,node0036
COLOR11,0xDFF196,denise,OCS Denise / Super Denise; AGA Lisa (extended palette/bitplanes),OCS/ECS 12-bit palette; AGA/Lisa uses 24-bit palette and extended color registers.,16,rw,chip-register,,Denise palette,Palette color registers; write-only; 12-bit RGB (OCS/ECS).,node0036
COLOR12,0xDFF198,denise,OCS Denise / Super Denise; AGA Lisa (extended palette/bitplanes),OCS/ECS 12-bit palette; AGA/Lisa uses 24-bit palette and extended color registers.,16,rw,chip-register,,Denise palette,Palette color registers; write-only; 12-bit RGB (OCS/ECS).,node0036
COLOR13,0xDFF19A,denise,OCS Denise / Super Denise; AGA Lisa (extended palette/bitplanes),OCS/ECS 12-bit palette; AGA/Lisa uses 24-bit palette and extended color registers.,16,rw,chip-register,,Denise palette,Palette color registers; write-only; 12-bit RGB (OCS/ECS).,node0036
COLOR14,0xDFF19C,denise,OCS Denise / Super Denise; AGA Lisa (extended palette/bitplanes),OCS/ECS 12-bit palette; AGA/Lisa uses 24-bit palette and extended color registers.,16,rw,chip-register,,Denise palette,Palette color registers; write-only; 12-bit RGB (OCS/ECS).,node0036
COLOR15,0xDFF19E,denise,OCS Denise / Super Denise; AGA Lisa (extended palette/bitplanes),OCS/ECS 12-bit palette; AGA/Lisa uses 24-bit palette and extended color registers.,16,rw,chip-register,,Denise palette,Palette color registers; write-only; 12-bit RGB (OCS/ECS).,node0036
COLOR16,0xDFF1A0,denise,OCS Denise / Super Denise; AGA Lisa (extended palette/bitplanes),OCS/ECS 12-bit palette; AGA/Lisa uses 24-bit palette and extended color registers.,16,rw,chip-register,,Denise palette,Palette color registers; write-only; 12-bit RGB (OCS/ECS).,node0036
COLOR17,0xDFF1A2,denise,OCS Denise / Super Denise; AGA Lisa (extended palette/bitplanes),OCS/ECS 12-bit palette; AGA/Lisa uses 24-bit palette and extended color registers.,16,rw,chip-register,,Denise palette,Palette color registers; write-only; 12-bit RGB (OCS/ECS).,node0036
COLOR18,0xDFF1A4,denise,OCS Denise / Super Denise; AGA Lisa (extended palette/bitplanes),OCS/ECS 12-bit palette; AGA/Lisa uses 24-bit palette and extended color registers.,16,rw,chip-register,,Denise palette,Palette color registers; write-only; 12-bit RGB (OCS/ECS).,node0036
COLOR19,0xDFF1A6,denise,OCS Denise / Super Denise; AGA Lisa (extended palette/bitplanes),OCS/ECS 12-bit palette; AGA/Lisa uses 24-bit palette and extended color registers.,16,rw,chip-register,,Denise palette,Palette color registers; write-only; 12-bit RGB (OCS/ECS).,node0036
COLOR20,0xDFF1A8,denise,OCS Denise / Super Denise; AGA Lisa (extended palette/bitplanes),OCS/ECS 12-bit palette; AGA/Lisa uses 24-bit palette and extended color registers.,16,rw,chip-register,,Denise palette,Palette color registers; write-only; 12-bit RGB (OCS/ECS).,node0036
COLOR21,0xDFF1AA,denise,OCS Denise / Super Denise; AGA Lisa (extended palette/bitplanes),OCS/ECS 12-bit palette; AGA/Lisa uses 24-bit palette and extended color registers.,16,rw,chip-register,,Denise palette,Palette color registers; write-only; 12-bit RGB (OCS/ECS).,node0036
COLOR22,0xDFF1AC,denise,OCS Denise / Super Denise; AGA Lisa (extended palette/bitplanes),OCS/ECS 12-bit palette; AGA/Lisa uses 24-bit palette and extended color registers.,16,rw,chip-register,,Denise palette,Palette color registers; write-only; 12-bit RGB (OCS/ECS).,node0036
COLOR23,0xDFF1AE,denise,OCS Denise / Super Denise; AGA Lisa (extended palette/bitplanes),OCS/ECS 12-bit palette; AGA/Lisa uses 24-bit palette and extended color registers.,16,rw,chip-register,,Denise palette,Palette color registers; write-only; 12-bit RGB (OCS/ECS).,node0036
COLOR24,0xDFF1B0,denise,OCS Denise / Super Denise; AGA Lisa (extended palette/bitplanes),OCS/ECS 12-bit palette; AGA/Lisa uses 24-bit palette and extended color registers.,16,rw,chip-register,,Denise palette,Palette color registers; write-only; 12-bit RGB (OCS/ECS).,node0036
COLOR25,0xDFF1B2,denise,OCS Denise / Super Denise; AGA Lisa (extended palette/bitplanes),OCS/ECS 12-bit palette; AGA/Lisa uses 24-bit palette and extended color registers.,16,rw,chip-register,,Denise palette,Palette color registers; write-only; 12-bit RGB (OCS/ECS).,node0036
COLOR26,0xDFF1B4,denise,OCS Denise / Super Denise; AGA Lisa (extended palette/bitplanes),OCS/ECS 12-bit palette; AGA/Lisa uses 24-bit palette and extended color registers.,16,rw,chip-register,,Denise palette,Palette color registers; write-only; 12-bit RGB (OCS/ECS).,node0036
COLOR27,0xDFF1B6,denise,OCS Denise / Super Denise; AGA Lisa (extended palette/bitplanes),OCS/ECS 12-bit palette; AGA/Lisa uses 24-bit palette and extended color registers.,16,rw,chip-register,,Denise palette,Palette color registers; write-only; 12-bit RGB (OCS/ECS).,node0036
COLOR28,0xDFF1B8,denise,OCS Denise / Super Denise; AGA Lisa (extended palette/bitplanes),OCS/ECS 12-bit palette; AGA/Lisa uses 24-bit palette and extended color registers.,16,rw,chip-register,,Denise palette,Palette color registers; write-only; 12-bit RGB (OCS/ECS).,node0036
COLOR29,0xDFF1BA,denise,OCS Denise / Super Denise; AGA Lisa (extended palette/bitplanes),OCS/ECS 12-bit palette; AGA/Lisa uses 24-bit palette and extended color registers.,16,rw,chip-register,,Denise palette,Palette color registers; write-only; 12-bit RGB (OCS/ECS).,node0036
COLOR30,0xDFF1BC,denise,OCS Denise / Super Denise; AGA Lisa (extended palette/bitplanes),OCS/ECS 12-bit palette; AGA/Lisa uses 24-bit palette and extended color registers.,16,rw,chip-register,,Denise palette,Palette color registers; write-only; 12-bit RGB (OCS/ECS).,node0036
COLOR31,0xDFF1BE,denise,OCS Denise / Super Denise; AGA Lisa (extended palette/bitplanes),OCS/ECS 12-bit palette; AGA/Lisa uses 24-bit palette and extended color registers.,16,rw,chip-register,,Denise palette,Palette color registers; write-only; 12-bit RGB (OCS/ECS).,node0036
HTOTAL,0xDFF1C0,agnus,"OCS/ECS (8371/8372A), Fatter Agnus 8375 (2MB); AGA Alice (2MB, 8 bitplanes)",ECS/AGA only,16,rw,chip-register,,,ECS/AGA beam-timing registers; use with BEAMCON0 VARBEAMEN/VARHSY/VARVSY to adjust sync/blanking.,node004C;node004D
HSSTOP,0xDFF1C2,agnus,"OCS/ECS (8371/8372A), Fatter Agnus 8375 (2MB); AGA Alice (2MB, 8 bitplanes)",ECS/AGA only,16,rw,chip-register,,,ECS/AGA beam-timing registers; use with BEAMCON0 VARBEAMEN/VARHSY/VARVSY to adjust sync/blanking.,node004C;node004D
HBSTRT,0xDFF1C4,agnus,"OCS/ECS (8371/8372A), Fatter Agnus 8375 (2MB); AGA Alice (2MB, 8 bitplanes)",ECS/AGA only,16,rw,chip-register,,,ECS/AGA beam-timing registers; use with BEAMCON0 VARBEAMEN/VARHSY/VARVSY to adjust sync/blanking.,node004C;node004D
HBSTOP,0xDFF1C6,agnus,"OCS/ECS (8371/8372A), Fatter Agnus 8375 (2MB); AGA Alice (2MB, 8 bitplanes)",ECS/AGA only,16,rw,chip-register,,,ECS/AGA beam-timing registers; use with BEAMCON0 VARBEAMEN/VARHSY/VARVSY to adjust sync/blanking.,node004C;node004D
VTOTAL,0xDFF1C8,agnus,"OCS/ECS (8371/8372A), Fatter Agnus 8375 (2MB); AGA Alice (2MB, 8 bitplanes)",ECS/AGA only,16,rw,chip-register,,,ECS/AGA beam-timing registers; use with BEAMCON0 VARBEAMEN/VARHSY/VARVSY to adjust sync/blanking.,node015F;node004B;node004D
VSSTOP,0xDFF1CA,agnus,"OCS/ECS (8371/8372A), Fatter Agnus 8375 (2MB); AGA Alice (2MB, 8 bitplanes)",ECS/AGA only,16,rw,chip-register,,,ECS/AGA beam-timing registers; use with BEAMCON0 VARBEAMEN/VARHSY/VARVSY to adjust sync/blanking.,node015F;node004B;node004D
VBSTRT,0xDFF1CC,agnus,"OCS/ECS (8371/8372A), Fatter Agnus 8375 (2MB); AGA Alice (2MB, 8 bitplanes)",ECS/AGA only,16,rw,chip-register,,,ECS/AGA beam-timing registers; use with BEAMCON0 VARBEAMEN/VARHSY/VARVSY to adjust sync/blanking.,node015F;node004B;node004D
VBSTOP,0xDFF1CE,agnus,"OCS/ECS (8371/8372A), Fatter Agnus 8375 (2MB); AGA Alice (2MB, 8 bitplanes)",ECS/AGA only,16,rw,chip-register,,,ECS/AGA beam-timing registers; use with BEAMCON0 VARBEAMEN/VARHSY/VARVSY to adjust sync/blanking.,node015F;node004B;node004D
BEAMCON0,0xDFF1DC,agnus,"OCS/ECS (8371/8372A), Fatter Agnus 8375 (2MB); AGA Alice (2MB, 8 bitplanes)","ECS/AGA (variable beam counter, SHRES/PAL bits)",16,rw,chip-register,,,"Beam control (ECS/AGA): PAL bit, super-hires, variable beam counter enable.",node004B
HSSTRT,0xDFF1DE,agnus,"OCS/ECS (8371/8372A), Fatter Agnus 8375 (2MB); AGA Alice (2MB, 8 bitplanes)",ECS/AGA only,16,rw,chip-register,,,ECS/AGA beam-timing registers; use with BEAMCON0 VARBEAMEN/VARHSY/VARVSY to adjust sync/blanking.,node004C;node004D
VSSTRT,0xDFF1E0,agnus,"OCS/ECS (8371/8372A), Fatter Agnus 8375 (2MB); AGA Alice (2MB, 8 bitplanes)",ECS/AGA only,16,rw,chip-register,,,ECS/AGA beam-timing registers; use with BEAMCON0 VARBEAMEN/VARHSY/VARVSY to adjust sync/blanking.,node015F;node004B;node004D
HCENTER,0xDFF1E2,agnus,"OCS/ECS (8371/8372A), Fatter Agnus 8375 (2MB); AGA Alice (2MB, 8 bitplanes)",ECS/AGA only,16,rw,chip-register,,,ECS/AGA beam-timing registers; use with BEAMCON0 VARBEAMEN/VARHSY/VARVSY to adjust sync/blanking.,node004C
DIWHIGH,0xDFF1E4,agnus,"OCS/ECS (8371/8372A), Fatter Agnus 8375 (2MB); AGA Alice (2MB, 8 bitplanes)",ECS/AGA only,16,rw,chip-register,,,Display window start/stop; lowres coords; even addresses; interlace/overscan interactions.,node0083;node0071
